vector_type,algorithm,size,time_ms,stress,carga,ram_kb_max,ram_kb_media,energy_j,comparisons,swaps
zigzag,HeapSort,10000000,704.783,none,0,43076,42882,17.1565,432463026,221896606
zigzag,MergeSort,10000000,474.714,none,0,81888,48299,11.0808,171731584,0
zigzag,QuickSort,10000000,412.053,none,0,43124,42930,7.95451,516288662,156489976
zigzag,HeapSort,10000000,703.893,none,0,43132,42938,17.3079,432463026,221896606
zigzag,MergeSort,10000000,505.099,none,0,81900,48080,10.0953,171731584,0
zigzag,QuickSort,10000000,389.033,none,0,43084,42890,8.81107,516288662,156489976
zigzag,HeapSort,10000000,718.717,none,0,43132,42938,16.5247,432463026,221896606
zigzag,MergeSort,10000000,503.649,none,0,81952,48339,10.037,171731584,0
zigzag,QuickSort,10000000,388.526,none,0,43124,42930,8.78519,516288662,156489976
zigzag,HeapSort,10000000,714.499,none,0,43132,42938,16.5792,432463026,221896606
zigzag,MergeSort,10000000,502.35,none,0,81948,48781,10.1621,171731584,0
zigzag,QuickSort,10000000,389.013,none,0,43132,42938,8.73283,516288662,156489976
zigzag,HeapSort,10000000,773.062,none,0,43132,42939,15.0125,432463026,221896606
zigzag,MergeSort,10000000,470.047,none,0,81952,49205,11.4022,171731584,0
zigzag,QuickSort,10000000,416.886,none,0,43128,42934,8.12364,516288662,156489976
zigzag,HeapSort,10000000,882.365,cpu,0.5,43244,43059,43.9597,432463026,221896606
zigzag,HeapSort,10000000,824.336,ram,0.5,16819888,16820231,20.8666,432463026,221896606
zigzag,HeapSort,10000000,1010.59,both,0.5,16820008,16820295,40.9547,432463026,221896606
zigzag,MergeSort,10000000,733.78,cpu,0.5,82032,48605,25.9974,171731584,0
zigzag,MergeSort,10000000,555.686,ram,0.5,16859192,16825707,12.8595,171731584,0
zigzag,MergeSort,10000000,762.282,both,0.5,16859132,16825678,28.6748,171731584,0
zigzag,QuickSort,10000000,536.856,cpu,0.5,43208,43022,19.6509,516288662,156489976
zigzag,QuickSort,10000000,429.707,ram,0.5,16820016,16820230,11.227,516288662,156489976
zigzag,QuickSort,10000000,493.254,both,0.5,16820088,16820246,25.4909,516288662,156489976
zigzag,HeapSort,10000000,982.921,cpu,0.5,43252,43067,36.8404,432463026,221896606
zigzag,HeapSort,10000000,753.059,ram,0.5,16820008,16820227,23.2706,432463026,221896606
zigzag,HeapSort,10000000,891.464,both,0.5,16819888,16820303,48.6332,432463026,221896606
zigzag,MergeSort,10000000,706.968,cpu,0.5,81892,49119,26.7858,171731584,0
zigzag,MergeSort,10000000,489.21,ram,0.5,16859300,16826632,15.3595,171731584,0
zigzag,MergeSort,10000000,642.397,both,0.5,16858964,16826189,35.3271,171731584,0
zigzag,QuickSort,10000000,531.842,cpu,0.5,43252,43066,20.1806,516288662,156489976
zigzag,QuickSort,10000000,398.544,ram,0.5,16819908,16820190,12.4307,516288662,156489976
zigzag,QuickSort,10000000,537.201,both,0.5,16820068,16820290,22.3442,516288662,156489976
zigzag,HeapSort,10000000,886.597,cpu,0.5,43252,43067,44.0171,432463026,221896606
zigzag,HeapSort,10000000,748.084,ram,0.5,16820016,16820235,22.9653,432463026,221896606
zigzag,HeapSort,10000000,899.506,both,0.5,16820048,16820271,48.49,432463026,221896606
zigzag,MergeSort,10000000,743.904,cpu,0.5,82112,48801,25.1174,171731584,0
zigzag,MergeSort,10000000,480.829,ram,0.5,16859300,16826750,15.186,171731584,0
zigzag,MergeSort,10000000,755.29,both,0.5,16859092,16825880,28.2192,171731584,0
zigzag,QuickSort,10000000,484.115,cpu,0.5,43256,43070,23.6293,516288662,156489976
zigzag,QuickSort,10000000,424.265,ram,0.5,16819776,16820182,11.2285,516288662,156489976
zigzag,QuickSort,10000000,485.798,both,0.5,16820040,16820258,26.0938,516288662,156489976
zigzag,HeapSort,10000000,878.89,cpu,0.5,43256,43071,44.0359,432463026,221896606
zigzag,HeapSort,10000000,801.31,ram,0.5,16819884,16820227,21.743,432463026,221896606
zigzag,HeapSort,10000000,1049.89,both,0.5,16819760,16820303,39.1999,432463026,221896606
zigzag,MergeSort,10000000,638.68,cpu,0.5,82008,48525,31.803,171731584,0
zigzag,MergeSort,10000000,486.782,ram,0.5,16859004,16825596,15.2168,171731584,0
zigzag,MergeSort,10000000,756.798,both,0.5,16859324,16826071,28.7676,171731584,0
zigzag,QuickSort,10000000,538.744,cpu,0.5,43244,43058,19.7033,516288662,156489976
zigzag,QuickSort,10000000,393.836,ram,0.5,16819932,16820210,12.6059,516288662,156489976
zigzag,QuickSort,10000000,484.628,both,0.5,16820136,16820290,26.1404,516288662,156489976
zigzag,HeapSort,10000000,879.714,cpu,0.5,43252,43067,43.7133,432463026,221896606
zigzag,HeapSort,10000000,747.802,ram,0.5,16819888,16820231,23.1436,432463026,221896606
zigzag,HeapSort,10000000,907.899,both,0.5,16820056,16820275,47.7907,432463026,221896606
zigzag,MergeSort,10000000,636.736,cpu,0.5,82104,48811,31.6425,171731584,0
zigzag,MergeSort,10000000,482.835,ram,0.5,16858928,16826562,15.0023,171731584,0
zigzag,MergeSort,10000000,649.607,both,0.5,16859092,16826081,35.3089,171731584,0
zigzag,QuickSort,10000000,556.591,cpu,0.5,43248,43062,18.9967,516288662,156489976
zigzag,QuickSort,10000000,394.698,ram,0.5,16820008,16820222,12.4453,516288662,156489976
zigzag,QuickSort,10000000,487.136,both,0.5,16820140,16820298,26.2681,516288662,156489976
zigzag,HeapSort,10000000,1249.99,cpu,1,43288,43138,58.1848,432463026,221896606
zigzag,HeapSort,10000000,976.088,ram,1,30909496,30834906,38.127,432463026,221896606
zigzag,HeapSort,10000000,1353.44,both,1,30915640,30841128,63.3733,432463026,221896606
zigzag,MergeSort,10000000,1078.76,cpu,1,82148,48465,49.6075,171731584,0
zigzag,MergeSort,10000000,752.36,ram,1,30927544,30839134,18.5766,171731584,0
zigzag,MergeSort,10000000,1769.47,both,1,30987960,30931212,71.9997,171731584,0
zigzag,QuickSort,10000000,798.213,cpu,1,43244,43095,37.1562,516288662,156489976
zigzag,QuickSort,10000000,501.251,ram,1,30945752,30835532,19.2161,516288662,156489976
zigzag,QuickSort,10000000,933.354,both,1,30990048,30929889,44.3685,516288662,156489976
zigzag,HeapSort,10000000,1180.72,cpu,1,43284,43131,53.6982,432463026,221896606
zigzag,HeapSort,10000000,1126.59,ram,1,31121080,31028839,34.6295,432463026,221896606
zigzag,HeapSort,10000000,1447.56,both,1,31119416,31035679,65.0636,432463026,221896606
zigzag,MergeSort,10000000,713.208,cpu,1,81992,48761,34.1974,171731584,0
zigzag,MergeSort,10000000,685.929,ram,1,31119280,31010937,18.1581,171731584,0
zigzag,MergeSort,10000000,1857.45,both,1,31136944,31070893,79.296,171731584,0
zigzag,QuickSort,10000000,779.021,cpu,1,43296,43147,30.7654,516288662,156489976
zigzag,QuickSort,10000000,599.535,ram,1,31144504,31057400,17.722,516288662,156489976
zigzag,QuickSort,10000000,1292.48,both,1,31142840,31029338,54.0854,516288662,156489976
zigzag,HeapSort,10000000,1365.69,cpu,1,43292,43139,59.7788,432463026,221896606
zigzag,HeapSort,10000000,978.084,ram,1,31230048,31144684,36.164,432463026,221896606
zigzag,HeapSort,10000000,1401.77,both,1,31264344,31175301,66.8389,432463026,221896606
zigzag,MergeSort,10000000,704.588,cpu,1,81936,48509,35.0868,171731584,0
zigzag,MergeSort,10000000,692.35,ram,1,31246008,31159909,20.9147,171731584,0
zigzag,MergeSort,10000000,1785.63,both,1,31242040,31157979,81.8832,171731584,0
zigzag,QuickSort,10000000,582.827,cpu,1,43292,43137,22.5246,516288662,156489976
zigzag,QuickSort,10000000,514.853,ram,1,31234404,31154072,19.7236,516288662,156489976
zigzag,QuickSort,10000000,1127.01,both,1,31248688,31164447,51.4153,516288662,156489976
zigzag,HeapSort,10000000,1013.22,cpu,1,43236,43087,48.8438,432463026,221896606
zigzag,HeapSort,10000000,1228.93,ram,1,31167800,31072969,36.2561,432463026,221896606
zigzag,HeapSort,10000000,2134.01,both,1,31134204,31065912,97.4691,432463026,221896606
zigzag,MergeSort,10000000,788.454,cpu,1,82024,49274,30.7582,171731584,0
zigzag,MergeSort,10000000,727.611,ram,1,31128668,31052491,22.8738,171731584,0
zigzag,MergeSort,10000000,1565.96,both,1,31118156,31030856,73.7189,171731584,0
zigzag,QuickSort,10000000,867.969,cpu,1,43256,43107,35.8428,516288662,156489976
zigzag,QuickSort,10000000,580.93,ram,1,30609332,30181415,23.7397,516288662,156489976
zigzag,QuickSort,10000000,1193.28,both,1,30826808,30757150,51.2231,516288662,156489976
zigzag,HeapSort,10000000,1326.07,cpu,1,43296,43142,61.536,432463026,221896606
zigzag,HeapSort,10000000,1101.5,ram,1,31028808,30891756,43.7626,432463026,221896606
zigzag,HeapSort,10000000,1580.23,both,1,30988088,30925444,67.2954,432463026,221896606
zigzag,MergeSort,10000000,1129.65,cpu,1,82036,47881,52.8078,171731584,0
zigzag,MergeSort,10000000,644.088,ram,1,31099704,31028031,24.504,171731584,0
zigzag,MergeSort,10000000,1745,both,1,31147440,31050827,75.4094,171731584,0
zigzag,QuickSort,10000000,937.507,cpu,1,43292,43143,42.0347,516288662,156489976
zigzag,QuickSort,10000000,626.399,ram,1,31147960,31085806,25.203,516288662,156489976
zigzag,QuickSort,10000000,1252.36,both,1,31138488,31061735,56.2547,516288662,156489976
